<?xml version="1.0" encoding="UTF-8"?>
<jcr:root xmlns:sling="http://sling.apache.org/jcr/sling/1.0" xmlns:cq="http://www.day.com/jcr/cq/1.0" xmlns:jcr="http://www.jcp.org/jcr/1.0" xmlns:nt="http://www.jcp.org/jcr/nt/1.0"
    jcr:primaryType="nt:unstructured"
    jcr:title="Navigation Menu"
    sling:resourceType="cq/gui/components/authoring/dialog">
    <content
        jcr:primaryType="nt:unstructured"
        sling:resourceType="granite/ui/components/foundation/container">
        <layout
            jcr:primaryType="nt:unstructured"
            sling:resourceType="granite/ui/components/foundation/layouts/tabs"
            type="nav"/>
        <items jcr:primaryType="nt:unstructured">
            <tab1
                jcr:primaryType="nt:unstructured"
                jcr:title="Menu"
                sling:resourceType="granite/ui/components/foundation/section">
                <layout
                    jcr:primaryType="nt:unstructured"
                    sling:resourceType="granite/ui/components/foundation/layouts/fixedcolumns"
                    margin="{Boolean}false"/>
                <items jcr:primaryType="nt:unstructured">
                    <column
                        jcr:primaryType="nt:unstructured"
                        sling:resourceType="granite/ui/components/foundation/container">
                        <items jcr:primaryType="nt:unstructured">
                            <links
                                jcr:primaryType="nt:unstructured"
                                sling:resourceType="granite/ui/components/foundation/form/multifield"
                                class="full-width"
                                fieldDescription="Click '+' to add a new page"
                                fieldLabel="Links">
                                <field
                                    jcr:primaryType="nt:unstructured"
                                    sling:resourceType="granite/ui/components/foundation/form/fieldset"
                                    eaem-nested=""
                                    name="./links">
                                    <layout
                                        jcr:primaryType="nt:unstructured"
                                        sling:resourceType="granite/ui/components/foundation/layouts/fixedcolumns"
                                        method="absolute"/>
                                    <items jcr:primaryType="nt:unstructured">
                                        <column
                                            jcr:primaryType="nt:unstructured"
                                            sling:resourceType="granite/ui/components/foundation/container">
                                            <items jcr:primaryType="nt:unstructured">
                                                <page
                                                    jcr:primaryType="nt:unstructured"
                                                    sling:resourceType="granite/ui/components/foundation/form/textfield"
                                                    fieldDescription="Enter Page Name"
                                                    fieldLabel="Name"
                                                    name="./name"/>
                                                <path
                                                    jcr:primaryType="nt:unstructured"
                                                    sling:resourceType="granite/ui/components/foundation/form/pathbrowser"
                                                    fieldDescription="Select path to the page"
                                                    fieldLabel="Page path"
                                                    name="./path"
                                                    rootPath="/content"/>
                                            </items>
                                        </column>
                                    </items>
                                </field>
                            </links>
                        </items>
                    </column>
                </items>
            </tab1>
            <tab2
                jcr:primaryType="nt:unstructured"
                jcr:title="FONT STYLE"
                sling:resourceType="granite/ui/components/foundation/section">
                <layout
                    jcr:primaryType="nt:unstructured"
                    sling:resourceType="granite/ui/components/foundation/layouts/fixedcolumns"
                    margin="{Boolean}false"/>
                <items jcr:primaryType="nt:unstructured">
                    <column
                        jcr:primaryType="nt:unstructured"
                        sling:resourceType="granite/ui/components/foundation/container">
                        <items jcr:primaryType="nt:unstructured">
                            <fontStyle
                                jcr:primaryType="nt:unstructured"
                                sling:resourceType="granite/ui/components/foundation/form/select"
                                fieldDescription="Select a menu size"
                                name="./fontStyle"
                                required="true">
                                <items jcr:primaryType="nt:unstructured">
                                    <small
                                        jcr:primaryType="nt:unstructured"
                                        text="Small"
                                        value="small"/>
                                    <medium
                                        jcr:primaryType="nt:unstructured"
                                        text="Medium"
                                        value="medium"/>
                                    <large
                                        jcr:primaryType="nt:unstructured"
                                        text="Large"
                                        value="large"/>
                                </items>
                            </fontStyle>
                        </items>
                    </column>
                </items>
            </tab2>
            <tab3
                jcr:primaryType="nt:unstructured"
                jcr:title="DESKTOP LOGO"
                sling:resourceType="granite/ui/components/foundation/section">
                <layout
                    jcr:primaryType="nt:unstructured"
                    sling:resourceType="granite/ui/components/foundation/layouts/fixedcolumns"
                    margin="{Boolean}false"/>
                <items jcr:primaryType="nt:unstructured">
                    <column
                        jcr:primaryType="nt:unstructured"
                        sling:resourceType="granite/ui/components/foundation/container">
                        <items jcr:primaryType="nt:unstructured">
                            <desktopLogo
                                jcr:primaryType="nt:unstructured"
                                sling:resourceType="granite/ui/components/coral/foundation/form/pathbrowser"
                                fieldDescription="Select image from Dam."
                                fieldLabel="Logo URL"
                                name="./desktopLogo"
                                required="true"
                                rootPath="/content/dam"/>
                            <desktopAltText
                                jcr:primaryType="nt:unstructured"
                                sling:resourceType="granite/ui/components/coral/foundation/form/textfield"
                                fieldDescription="Alt Text for Image"
                                fieldLabel="Alt text for Image"
                                name="./desktopAltText"/>
                            <desktopLogoLink
                                jcr:primaryType="nt:unstructured"
                                sling:resourceType="granite/ui/components/coral/foundation/form/pathbrowser"
                                fieldDescription="Logo Link to navigate to inputted destination on click."
                                fieldLabel="Logo Link URL"
                                name="./desktopLogoLink"
                                rootPath="/content"/>
                        </items>
                    </column>
                </items>
            </tab3>
            <tab4
                jcr:primaryType="nt:unstructured"
                jcr:title="MOBILE LOGO"
                sling:resourceType="granite/ui/components/foundation/section">
                <layout
                    jcr:primaryType="nt:unstructured"
                    sling:resourceType="granite/ui/components/foundation/layouts/fixedcolumns"
                    margin="{Boolean}false"/>
                <items jcr:primaryType="nt:unstructured">
                    <column
                        jcr:primaryType="nt:unstructured"
                        sling:resourceType="granite/ui/components/foundation/container">
                        <items jcr:primaryType="nt:unstructured">
                            <mobileLogo
                                jcr:primaryType="nt:unstructured"
                                sling:resourceType="granite/ui/components/coral/foundation/form/pathbrowser"
                                fieldDescription="Select image from Dam."
                                fieldLabel="Logo URL"
                                name="./mobileLogo"
                                rootPath="/content/dam"/>
                        </items>
                    </column>
                </items>
            </tab4>
        </items>
    </content>
</jcr:root>
